{
"problems": [{
    "Diabetes":[{
        "medications":[{
            "medicationsClasses":[
                {
                    "className":[{
                        "associatedDrug":[{
                            "name":"asprin",
                            "dose":"",
                            "strength":"500 mg"
                        }],
                        "associatedDrug#2":[{
                            "name":"somethingElse",
                            "dose":"",
                            "strength":"500 mg"
                        }]
                    }],
                    "className2":[{
                        "associatedDrug":[{
                            "name":"asprin",
                            "dose":"",
                            "strength":"500 mg"
                        }],
                        "associatedDrug#2":[{
                            "name":"somethingElse",
                            "dose":"",
                            "strength":"500 mg"
                        }]
                    }]
                }
            ]
        }],
        "labs":[{
            "missing_field": "missing_value"
        }]
    }],
    "Asthma":[{}]
}]}